shop_id,date_block_num,date,total_item_cnt
0,0,2013-01-01,5411.0
0,1,2013-02-01,5820.0
0,2,2013-03-01,0.0
0,3,2013-04-01,0.0
0,4,2013-05-01,0.0
0,5,2013-06-01,0.0
0,6,2013-07-01,0.0
0,7,2013-08-01,0.0
0,8,2013-09-01,0.0
0,9,2013-10-01,0.0
0,10,2013-11-01,0.0
0,11,2013-12-01,0.0
0,12,2014-01-01,0.0
0,13,2014-02-01,0.0
0,14,2014-03-01,0.0
0,15,2014-04-01,0.0
0,16,2014-05-01,0.0
0,17,2014-06-01,0.0
0,18,2014-07-01,0.0
0,19,2014-08-01,0.0
0,20,2014-09-01,0.0
0,21,2014-10-01,0.0
0,22,2014-11-01,0.0
0,23,2014-12-01,0.0
0,24,2015-01-01,0.0
0,25,2015-02-01,0.0
0,26,2015-03-01,0.0
0,27,2015-04-01,0.0
0,28,2015-05-01,0.0
0,29,2015-06-01,0.0
0,30,2015-07-01,0.0
0,31,2015-08-01,0.0
0,32,2015-09-01,0.0
0,33,2015-10-01,0.0
0,34,2015-11-01,24.93152
0,35,2015-12-01,87.91019
0,36,2016-01-01,38.86103
0,37,2016-02-01,32.45541
0,38,2016-03-01,37.92025
0,39,2016-04-01,30.46176
1,0,2013-01-01,2932.0
1,1,2013-02-01,3314.0
1,2,2013-03-01,0.0
1,3,2013-04-01,0.0
1,4,2013-05-01,0.0
1,5,2013-06-01,0.0
1,6,2013-07-01,0.0
1,7,2013-08-01,0.0
1,8,2013-09-01,0.0
1,9,2013-10-01,0.0
1,10,2013-11-01,0.0
1,11,2013-12-01,0.0
1,12,2014-01-01,0.0
1,13,2014-02-01,0.0
1,14,2014-03-01,0.0
1,15,2014-04-01,0.0
1,16,2014-05-01,0.0
1,17,2014-06-01,0.0
1,18,2014-07-01,0.0
1,19,2014-08-01,0.0
1,20,2014-09-01,0.0
1,21,2014-10-01,0.0
1,22,2014-11-01,0.0
1,23,2014-12-01,0.0
1,24,2015-01-01,0.0
1,25,2015-02-01,0.0
1,26,2015-03-01,0.0
1,27,2015-04-01,0.0
1,28,2015-05-01,0.0
1,29,2015-06-01,0.0
1,30,2015-07-01,0.0
1,31,2015-08-01,0.0
1,32,2015-09-01,0.0
1,33,2015-10-01,0.0
1,34,2015-11-01,17.50591
1,35,2015-12-01,67.24001
1,36,2016-01-01,28.42184
1,37,2016-02-01,22.55031
1,38,2016-03-01,25.70789
1,39,2016-04-01,19.95724
2,0,2013-01-01,1146.0
2,1,2013-02-01,489.0
2,2,2013-03-01,751.0
2,3,2013-04-01,585.0
2,4,2013-05-01,553.0
2,5,2013-06-01,808.0
2,6,2013-07-01,807.0
2,7,2013-08-01,852.0
2,8,2013-09-01,843.0
2,9,2013-10-01,716.0
2,10,2013-11-01,814.0
2,11,2013-12-01,1255.0
2,12,2014-01-01,863.0
2,13,2014-02-01,868.0
2,14,2014-03-01,928.0
2,15,2014-04-01,759.0
2,16,2014-05-01,841.0
2,17,2014-06-01,893.0
2,18,2014-07-01,792.0
2,19,2014-08-01,910.0
2,20,2014-09-01,837.0
2,21,2014-10-01,880.0
2,22,2014-11-01,986.0
2,23,2014-12-01,1745.0
2,24,2015-01-01,945.0
2,25,2015-02-01,881.0
2,26,2015-03-01,746.0
2,27,2015-04-01,685.0
2,28,2015-05-01,714.0
2,29,2015-06-01,773.0
2,30,2015-07-01,763.0
2,31,2015-08-01,942.0
2,32,2015-09-01,803.0
2,33,2015-10-01,717.0
2,34,2015-11-01,762.22577
2,35,2015-12-01,902.66711
2,36,2016-01-01,459.46603
2,37,2016-02-01,297.61008
2,38,2016-03-01,261.96942
2,39,2016-04-01,180.01382
3,0,2013-01-01,767.0
3,1,2013-02-01,798.0
3,2,2013-03-01,959.0
3,3,2013-04-01,647.0
3,4,2013-05-01,704.0
3,5,2013-06-01,750.0
3,6,2013-07-01,687.0
3,7,2013-08-01,866.0
3,8,2013-09-01,930.0
3,9,2013-10-01,775.0
3,10,2013-11-01,949.0
3,11,2013-12-01,1120.0
3,12,2014-01-01,964.0
3,13,2014-02-01,871.0
3,14,2014-03-01,937.0
3,15,2014-04-01,679.0
3,16,2014-05-01,758.0
3,17,2014-06-01,827.0
3,18,2014-07-01,745.0
3,19,2014-08-01,869.0
3,20,2014-09-01,872.0
3,21,2014-10-01,758.0
3,22,2014-11-01,1002.0
3,23,2014-12-01,1220.0
3,24,2015-01-01,956.0
3,25,2015-02-01,738.0
3,26,2015-03-01,724.0
3,27,2015-04-01,679.0
3,28,2015-05-01,702.0
3,29,2015-06-01,662.0
3,30,2015-07-01,538.0
3,31,2015-08-01,646.0
3,32,2015-09-01,674.0
3,33,2015-10-01,613.0
3,34,2015-11-01,667.6709
3,35,2015-12-01,769.9986
3,36,2016-01-01,414.32269
3,37,2016-02-01,266.07773
3,38,2016-03-01,244.14328
3,39,2016-04-01,175.04108
4,0,2013-01-01,2089.0
4,1,2013-02-01,1999.0
4,2,2013-03-01,2021.0
4,3,2013-04-01,287.0
4,4,2013-05-01,1205.0
4,5,2013-06-01,1435.0
4,6,2013-07-01,1377.0
4,7,2013-08-01,1692.0
4,8,2013-09-01,1408.0
4,9,2013-10-01,1383.0
4,10,2013-11-01,1349.0
4,11,2013-12-01,2074.0
4,12,2014-01-01,1355.0
4,13,2014-02-01,1251.0
4,14,2014-03-01,1189.0
4,15,2014-04-01,1011.0
4,16,2014-05-01,1142.0
4,17,2014-06-01,1139.0
4,18,2014-07-01,1043.0
4,19,2014-08-01,1258.0
4,20,2014-09-01,998.0
4,21,2014-10-01,1079.0
4,22,2014-11-01,1184.0
4,23,2014-12-01,1840.0
4,24,2015-01-01,1100.0
4,25,2015-02-01,924.0
4,26,2015-03-01,905.0
4,27,2015-04-01,780.0
4,28,2015-05-01,803.0
4,29,2015-06-01,760.0
4,30,2015-07-01,812.0
4,31,2015-08-01,868.0
4,32,2015-09-01,687.0
4,33,2015-10-01,748.0
4,34,2015-11-01,766.54401
4,35,2015-12-01,867.94861
4,36,2016-01-01,461.18442
4,37,2016-02-01,291.55728
4,38,2016-03-01,273.53519
4,39,2016-04-01,198.17305
5,0,2013-01-01,0.0
5,1,2013-02-01,877.0
5,2,2013-03-01,1355.0
5,3,2013-04-01,1008.0
5,4,2013-05-01,1107.0
5,5,2013-06-01,1325.0
5,6,2013-07-01,1225.0
5,7,2013-08-01,1495.0
5,8,2013-09-01,1254.0
5,9,2013-10-01,1217.0
5,10,2013-11-01,1336.0
5,11,2013-12-01,2076.0
5,12,2014-01-01,1576.0
5,13,2014-02-01,1191.0
5,14,2014-03-01,1402.0
5,15,2014-04-01,1021.0
5,16,2014-05-01,1153.0
5,17,2014-06-01,1286.0
5,18,2014-07-01,1290.0
5,19,2014-08-01,1444.0
5,20,2014-09-01,1232.0
5,21,2014-10-01,1112.0
5,22,2014-11-01,1303.0
5,23,2014-12-01,1953.0
5,24,2015-01-01,1291.0
5,25,2015-02-01,1070.0
5,26,2015-03-01,1094.0
5,27,2015-04-01,875.0
5,28,2015-05-01,951.0
5,29,2015-06-01,934.0
5,30,2015-07-01,957.0
5,31,2015-08-01,1252.0
5,32,2015-09-01,1047.0
5,33,2015-10-01,1029.0
5,34,2015-11-01,1073.82153
5,35,2015-12-01,1269.16907
5,36,2016-01-01,677.99756
5,37,2016-02-01,463.66702
5,38,2016-03-01,373.6181
5,39,2016-04-01,288.82007
6,0,2013-01-01,3561.0
6,1,2013-02-01,3764.0
6,2,2013-03-01,4008.0
6,3,2013-04-01,3054.0
6,4,2013-05-01,2914.0
6,5,2013-06-01,3446.0
6,6,2013-07-01,3129.0
6,7,2013-08-01,3414.0
6,8,2013-09-01,3439.0
6,9,2013-10-01,3086.0
6,10,2013-11-01,3347.0
6,11,2013-12-01,5030.0
6,12,2014-01-01,2914.0
6,13,2014-02-01,2921.0
6,14,2014-03-01,2726.0
6,15,2014-04-01,2587.0
6,16,2014-05-01,2304.0
6,17,2014-06-01,2516.0
6,18,2014-07-01,2346.0
6,19,2014-08-01,2367.0
6,20,2014-09-01,2348.0
6,21,2014-10-01,2310.0
6,22,2014-11-01,2629.0
6,23,2014-12-01,3729.0
6,24,2015-01-01,2224.0
6,25,2015-02-01,2197.0
6,26,2015-03-01,1906.0
6,27,2015-04-01,1584.0
6,28,2015-05-01,1435.0
6,29,2015-06-01,1500.0
6,30,2015-07-01,1443.0
6,31,2015-08-01,1535.0
6,32,2015-09-01,1602.0
6,33,2015-10-01,1677.0
6,34,2015-11-01,1567.76587
6,35,2015-12-01,1799.4342
6,36,2016-01-01,945.6496
6,37,2016-02-01,632.12421
6,38,2016-03-01,535.09314
6,39,2016-04-01,389.6958
7,0,2013-01-01,2482.0
7,1,2013-02-01,2492.0
7,2,2013-03-01,2367.0
7,3,2013-04-01,1540.0
7,4,2013-05-01,1603.0
7,5,2013-06-01,1985.0
7,6,2013-07-01,1936.0
7,7,2013-08-01,2302.0
7,8,2013-09-01,2267.0
7,9,2013-10-01,1997.0
7,10,2013-11-01,2204.0
7,11,2013-12-01,3332.0
7,12,2014-01-01,2217.0
7,13,2014-02-01,2201.0
7,14,2014-03-01,1905.0
7,15,2014-04-01,1489.0
7,16,2014-05-01,1583.0
7,17,2014-06-01,1803.0
7,18,2014-07-01,1648.0
7,19,2014-08-01,1884.0
7,20,2014-09-01,1565.0
7,21,2014-10-01,1525.0
7,22,2014-11-01,1841.0
7,23,2014-12-01,2958.0
7,24,2015-01-01,1929.0
7,25,2015-02-01,1701.0
7,26,2015-03-01,1352.0
7,27,2015-04-01,1168.0
7,28,2015-05-01,1085.0
7,29,2015-06-01,1199.0
7,30,2015-07-01,1277.0
7,31,2015-08-01,1378.0
7,32,2015-09-01,1243.0
7,33,2015-10-01,1169.0
7,34,2015-11-01,1200.04895
7,35,2015-12-01,1453.61218
7,36,2016-01-01,784.53662
7,37,2016-02-01,559.638
7,38,2016-03-01,427.72589
7,39,2016-04-01,328.94592
8,0,2013-01-01,1463.0
8,1,2013-02-01,1156.0
8,2,2013-03-01,979.0
8,3,2013-04-01,0.0
8,4,2013-05-01,0.0
8,5,2013-06-01,0.0
8,6,2013-07-01,0.0
8,7,2013-08-01,0.0
8,8,2013-09-01,0.0
8,9,2013-10-01,0.0
8,10,2013-11-01,0.0
8,11,2013-12-01,0.0
8,12,2014-01-01,0.0
8,13,2014-02-01,0.0
8,14,2014-03-01,0.0
8,15,2014-04-01,0.0
8,16,2014-05-01,0.0
8,17,2014-06-01,0.0
8,18,2014-07-01,0.0
8,19,2014-08-01,0.0
8,20,2014-09-01,0.0
8,21,2014-10-01,0.0
8,22,2014-11-01,0.0
8,23,2014-12-01,0.0
8,24,2015-01-01,0.0
8,25,2015-02-01,0.0
8,26,2015-03-01,0.0
8,27,2015-04-01,0.0
8,28,2015-05-01,0.0
8,29,2015-06-01,0.0
8,30,2015-07-01,0.0
8,31,2015-08-01,0.0
8,32,2015-09-01,0.0
8,33,2015-10-01,0.0
8,34,2015-11-01,25.35825
8,35,2015-12-01,69.83798
8,36,2016-01-01,31.78213
8,37,2016-02-01,27.95055
8,38,2016-03-01,32.27557
8,39,2016-04-01,27.80074
9,0,2013-01-01,0.0
9,1,2013-02-01,0.0
9,2,2013-03-01,0.0
9,3,2013-04-01,0.0
9,4,2013-05-01,0.0
9,5,2013-06-01,0.0
9,6,2013-07-01,0.0
9,7,2013-08-01,0.0
9,8,2013-09-01,0.0
9,9,2013-10-01,4161.0
9,10,2013-11-01,0.0
9,11,2013-12-01,0.0
9,12,2014-01-01,0.0
9,13,2014-02-01,0.0
9,14,2014-03-01,0.0
9,15,2014-04-01,0.0
9,16,2014-05-01,0.0
9,17,2014-06-01,0.0
9,18,2014-07-01,0.0
9,19,2014-08-01,0.0
9,20,2014-09-01,0.0
9,21,2014-10-01,4349.0
9,22,2014-11-01,0.0
9,23,2014-12-01,0.0
9,24,2015-01-01,0.0
9,25,2015-02-01,0.0
9,26,2015-03-01,0.0
9,27,2015-04-01,0.0
9,28,2015-05-01,0.0
9,29,2015-06-01,0.0
9,30,2015-07-01,0.0
9,31,2015-08-01,0.0
9,32,2015-09-01,0.0
9,33,2015-10-01,2260.0
9,34,2015-11-01,92.65113
9,35,2015-12-01,455.73727
9,36,2016-01-01,307.47101
9,37,2016-02-01,179.52899
9,38,2016-03-01,162.22775
9,39,2016-04-01,92.69611
10,0,2013-01-01,935.0
10,1,2013-02-01,1016.0
10,2,2013-03-01,987.0
10,3,2013-04-01,756.0
10,4,2013-05-01,667.0
10,5,2013-06-01,733.0
10,6,2013-07-01,775.0
10,7,2013-08-01,713.0
10,8,2013-09-01,907.0
10,9,2013-10-01,938.0
10,10,2013-11-01,955.0
10,11,2013-12-01,1258.0
10,12,2014-01-01,733.0
10,13,2014-02-01,815.0
10,14,2014-03-01,849.0
10,15,2014-04-01,572.0
10,16,2014-05-01,672.0
10,17,2014-06-01,572.0
10,18,2014-07-01,539.0
10,19,2014-08-01,613.0
10,20,2014-09-01,672.0
10,21,2014-10-01,589.0
10,22,2014-11-01,717.0
10,23,2014-12-01,1010.0
10,24,2015-01-01,583.0
10,25,2015-02-01,0.0
10,26,2015-03-01,541.0
10,27,2015-04-01,501.0
10,28,2015-05-01,429.0
10,29,2015-06-01,441.0
10,30,2015-07-01,434.0
10,31,2015-08-01,442.0
10,32,2015-09-01,502.0
10,33,2015-10-01,428.0
10,34,2015-11-01,499.255
10,35,2015-12-01,673.3963
10,36,2016-01-01,323.40225
10,37,2016-02-01,226.62825
10,38,2016-03-01,237.14598
10,39,2016-04-01,185.78937
11,0,2013-01-01,0.0
11,1,2013-02-01,0.0
11,2,2013-03-01,0.0
11,3,2013-04-01,0.0
11,4,2013-05-01,0.0
11,5,2013-06-01,0.0
11,6,2013-07-01,0.0
11,7,2013-08-01,0.0
11,8,2013-09-01,0.0
11,9,2013-10-01,0.0
11,10,2013-11-01,0.0
11,11,2013-12-01,0.0
11,12,2014-01-01,0.0
11,13,2014-02-01,0.0
11,14,2014-03-01,0.0
11,15,2014-04-01,0.0
11,16,2014-05-01,0.0
11,17,2014-06-01,0.0
11,18,2014-07-01,0.0
11,19,2014-08-01,0.0
11,20,2014-09-01,0.0
11,21,2014-10-01,0.0
11,22,2014-11-01,0.0
11,23,2014-12-01,0.0
11,24,2015-01-01,0.0
11,25,2015-02-01,546.0
11,26,2015-03-01,0.0
11,27,2015-04-01,0.0
11,28,2015-05-01,0.0
11,29,2015-06-01,0.0
11,30,2015-07-01,0.0
11,31,2015-08-01,0.0
11,32,2015-09-01,0.0
11,33,2015-10-01,0.0
11,34,2015-11-01,11.68184
11,35,2015-12-01,25.95628
11,36,2016-01-01,16.35847
11,37,2016-02-01,28.14124
11,38,2016-03-01,19.18172
11,39,2016-04-01,13.88735
12,0,2013-01-01,788.0
12,1,2013-02-01,1057.0
12,2,2013-03-01,1171.0
12,3,2013-04-01,1231.0
12,4,2013-05-01,815.0
12,5,2013-06-01,1178.0
12,6,2013-07-01,712.0
12,7,2013-08-01,938.0
12,8,2013-09-01,1309.0
12,9,2013-10-01,1433.0
12,10,2013-11-01,1503.0
12,11,2013-12-01,1927.0
12,12,2014-01-01,1022.0
12,13,2014-02-01,1345.0
12,14,2014-03-01,1280.0
12,15,2014-04-01,1228.0
12,16,2014-05-01,1107.0
12,17,2014-06-01,952.0
12,18,2014-07-01,972.0
12,19,2014-08-01,913.0
12,20,2014-09-01,1179.0
12,21,2014-10-01,1284.0
12,22,2014-11-01,1744.0
12,23,2014-12-01,2621.0
12,24,2015-01-01,1465.0
12,25,2015-02-01,1434.0
12,26,2015-03-01,1277.0
12,27,2015-04-01,1407.0
12,28,2015-05-01,1040.0
12,29,2015-06-01,1368.0
12,30,2015-07-01,1130.0
12,31,2015-08-01,1321.0
12,32,2015-09-01,1671.0
12,33,2015-10-01,1268.0
12,34,2015-11-01,1385.44836
12,35,2015-12-01,1650.44714
12,36,2016-01-01,829.11249
12,37,2016-02-01,632.1319
12,38,2016-03-01,493.74292
12,39,2016-04-01,307.01935
13,0,2013-01-01,1154.0
13,1,2013-02-01,998.0
13,2,2013-03-01,1245.0
13,3,2013-04-01,1018.0
13,4,2013-05-01,1074.0
13,5,2013-06-01,1310.0
13,6,2013-07-01,1060.0
13,7,2013-08-01,926.0
13,8,2013-09-01,1050.0
13,9,2013-10-01,1048.0
13,10,2013-11-01,1005.0
13,11,2013-12-01,1172.0
13,12,2014-01-01,920.0
13,13,2014-02-01,767.0
13,14,2014-03-01,934.0
13,15,2014-04-01,804.0
13,16,2014-05-01,731.0
13,17,2014-06-01,801.0
13,18,2014-07-01,731.0
13,19,2014-08-01,209.0
13,20,2014-09-01,0.0
13,21,2014-10-01,0.0
13,22,2014-11-01,0.0
13,23,2014-12-01,0.0
13,24,2015-01-01,0.0
13,25,2015-02-01,0.0
13,26,2015-03-01,0.0
13,27,2015-04-01,0.0
13,28,2015-05-01,0.0
13,29,2015-06-01,0.0
13,30,2015-07-01,0.0
13,31,2015-08-01,0.0
13,32,2015-09-01,0.0
13,33,2015-10-01,0.0
13,34,2015-11-01,67.20589
13,35,2015-12-01,116.50354
13,36,2016-01-01,104.11536
13,37,2016-02-01,183.62709
13,38,2016-03-01,200.18471
13,39,2016-04-01,192.26192
14,0,2013-01-01,1769.0
14,1,2013-02-01,1734.0
14,2,2013-03-01,1825.0
14,3,2013-04-01,1248.0
14,4,2013-05-01,1361.0
14,5,2013-06-01,1647.0
14,6,2013-07-01,1531.0
14,7,2013-08-01,1891.0
14,8,2013-09-01,688.0
14,9,2013-10-01,1238.0
14,10,2013-11-01,1462.0
14,11,2013-12-01,1773.0
14,12,2014-01-01,1312.0
14,13,2014-02-01,1266.0
14,14,2014-03-01,1140.0
14,15,2014-04-01,900.0
14,16,2014-05-01,1184.0
14,17,2014-06-01,1100.0
14,18,2014-07-01,1016.0
14,19,2014-08-01,1136.0
14,20,2014-09-01,1132.0
14,21,2014-10-01,1085.0
14,22,2014-11-01,1327.0
14,23,2014-12-01,1684.0
14,24,2015-01-01,1133.0
14,25,2015-02-01,943.0
14,26,2015-03-01,938.0
14,27,2015-04-01,775.0
14,28,2015-05-01,791.0
14,29,2015-06-01,939.0
14,30,2015-07-01,900.0
14,31,2015-08-01,1036.0
14,32,2015-09-01,1004.0
14,33,2015-10-01,941.0
14,34,2015-11-01,990.06183
14,35,2015-12-01,1164.46631
14,36,2016-01-01,603.22717
14,37,2016-02-01,408.48267
14,38,2016-03-01,637.38098
14,39,2016-04-01,287.23169
15,0,2013-01-01,2612.0
15,1,2013-02-01,2603.0
15,2,2013-03-01,2592.0
15,3,2013-04-01,2140.0
15,4,2013-05-01,1864.0
15,5,2013-06-01,2246.0
15,6,2013-07-01,2495.0
15,7,2013-08-01,2428.0
15,8,2013-09-01,2430.0
15,9,2013-10-01,2337.0
15,10,2013-11-01,2389.0
15,11,2013-12-01,3469.0
15,12,2014-01-01,2383.0
15,13,2014-02-01,2275.0
15,14,2014-03-01,2045.0
15,15,2014-04-01,1533.0
15,16,2014-05-01,1593.0
15,17,2014-06-01,1707.0
15,18,2014-07-01,1585.0
15,19,2014-08-01,1895.0
15,20,2014-09-01,1574.0
15,21,2014-10-01,1638.0
15,22,2014-11-01,1857.0
15,23,2014-12-01,2598.0
15,24,2015-01-01,1841.0
15,25,2015-02-01,1437.0
15,26,2015-03-01,1312.0
15,27,2015-04-01,1138.0
15,28,2015-05-01,1153.0
15,29,2015-06-01,1265.0
15,30,2015-07-01,1198.0
15,31,2015-08-01,1308.0
15,32,2015-09-01,1194.0
15,33,2015-10-01,1223.0
15,34,2015-11-01,1222.09607
15,35,2015-12-01,1448.50989
15,36,2016-01-01,768.5766
15,37,2016-02-01,530.16266
15,38,2016-03-01,386.15515
15,39,2016-04-01,594.88
16,0,2013-01-01,2968.0
16,1,2013-02-01,2573.0
16,2,2013-03-01,2991.0
16,3,2013-04-01,2112.0
16,4,2013-05-01,2102.0
16,5,2013-06-01,2788.0
16,6,2013-07-01,2695.0
16,7,2013-08-01,2269.0
16,8,2013-09-01,1630.0
16,9,2013-10-01,1578.0
16,10,2013-11-01,1831.0
16,11,2013-12-01,2662.0
16,12,2014-01-01,1761.0
16,13,2014-02-01,1622.0
16,14,2014-03-01,1522.0
16,15,2014-04-01,1115.0
16,16,2014-05-01,1212.0
16,17,2014-06-01,1442.0
16,18,2014-07-01,1304.0
16,19,2014-08-01,1481.0
16,20,2014-09-01,1321.0
16,21,2014-10-01,1303.0
16,22,2014-11-01,1562.0
16,23,2014-12-01,2332.0
16,24,2015-01-01,1616.0
16,25,2015-02-01,1281.0
16,26,2015-03-01,1132.0
16,27,2015-04-01,941.0
16,28,2015-05-01,1063.0
16,29,2015-06-01,1012.0
16,30,2015-07-01,1075.0
16,31,2015-08-01,1180.0
16,32,2015-09-01,936.0
16,33,2015-10-01,923.0
16,34,2015-11-01,986.20544
16,35,2015-12-01,1188.46313
16,36,2016-01-01,624.83423
16,37,2016-02-01,381.89893
16,38,2016-03-01,688.05157
16,39,2016-04-01,298.03687
17,0,2013-01-01,0.0
17,1,2013-02-01,0.0
17,2,2013-03-01,0.0
17,3,2013-04-01,0.0
17,4,2013-05-01,0.0
17,5,2013-06-01,851.0
17,6,2013-07-01,1012.0
17,7,2013-08-01,1252.0
17,8,2013-09-01,1329.0
17,9,2013-10-01,1296.0
17,10,2013-11-01,1318.0
17,11,2013-12-01,2262.0
17,12,2014-01-01,1383.0
17,13,2014-02-01,1408.0
17,14,2014-03-01,1329.0
17,15,2014-04-01,1118.0
17,16,2014-05-01,1125.0
17,17,2014-06-01,956.0
17,18,2014-07-01,1091.0
17,19,2014-08-01,1115.0
17,20,2014-09-01,1120.0
17,21,2014-10-01,972.0
17,22,2014-11-01,1144.0
17,23,2014-12-01,1749.0
17,24,2015-01-01,690.0
17,25,2015-02-01,0.0
17,26,2015-03-01,0.0
17,27,2015-04-01,0.0
17,28,2015-05-01,0.0
17,29,2015-06-01,0.0
17,30,2015-07-01,0.0
17,31,2015-08-01,0.0
17,32,2015-09-01,0.0
17,33,2015-10-01,0.0
17,34,2015-11-01,91.11646
17,35,2015-12-01,184.57864
17,36,2016-01-01,139.05978
17,37,2016-02-01,215.81108
17,38,2016-03-01,236.38042
17,39,2016-04-01,219.90584
18,0,2013-01-01,2803.0
18,1,2013-02-01,3209.0
18,2,2013-03-01,3254.0
18,3,2013-04-01,2391.0
18,4,2013-05-01,2650.0
18,5,2013-06-01,2752.0
18,6,2013-07-01,2432.0
18,7,2013-08-01,1640.0
18,8,2013-09-01,2048.0
18,9,2013-10-01,1739.0
18,10,2013-11-01,1969.0
18,11,2013-12-01,3069.0
18,12,2014-01-01,1859.0
18,13,2014-02-01,1804.0
18,14,2014-03-01,1699.0
18,15,2014-04-01,1175.0
18,16,2014-05-01,1395.0
18,17,2014-06-01,1214.0
18,18,2014-07-01,1212.0
18,19,2014-08-01,1448.0
18,20,2014-09-01,1270.0
18,21,2014-10-01,1020.0
18,22,2014-11-01,1333.0
18,23,2014-12-01,1902.0
18,24,2015-01-01,1321.0
18,25,2015-02-01,1334.0
18,26,2015-03-01,1389.0
18,27,2015-04-01,1153.0
18,28,2015-05-01,1170.0
18,29,2015-06-01,1146.0
18,30,2015-07-01,977.0
18,31,2015-08-01,1172.0
18,32,2015-09-01,1316.0
18,33,2015-10-01,1135.0
18,34,2015-11-01,1134.34729
18,35,2015-12-01,1336.71741
18,36,2016-01-01,682.84308
18,37,2016-02-01,455.94626
18,38,2016-03-01,704.39734
18,39,2016-04-01,310.58331
19,0,2013-01-01,2987.0
19,1,2013-02-01,2764.0
19,2,2013-03-01,2885.0
19,3,2013-04-01,2272.0
19,4,2013-05-01,1956.0
19,5,2013-06-01,2472.0
19,6,2013-07-01,2361.0
19,7,2013-08-01,2546.0
19,8,2013-09-01,2462.0
19,9,2013-10-01,2265.0
19,10,2013-11-01,2386.0
19,11,2013-12-01,3541.0
19,12,2014-01-01,2502.0
19,13,2014-02-01,2127.0
19,14,2014-03-01,2063.0
19,15,2014-04-01,1676.0
19,16,2014-05-01,1773.0
19,17,2014-06-01,1905.0
19,18,2014-07-01,1718.0
19,19,2014-08-01,1933.0
19,20,2014-09-01,1594.0
19,21,2014-10-01,1757.0
19,22,2014-11-01,1944.0
19,23,2014-12-01,3020.0
19,24,2015-01-01,2026.0
19,25,2015-02-01,1764.0
19,26,2015-03-01,1525.0
19,27,2015-04-01,1335.0
19,28,2015-05-01,1307.0
19,29,2015-06-01,1268.0
19,30,2015-07-01,1413.0
19,31,2015-08-01,1483.0
19,32,2015-09-01,1191.0
19,33,2015-10-01,1413.0
19,34,2015-11-01,1374.81201
19,35,2015-12-01,1613.23389
19,36,2016-01-01,829.31
19,37,2016-02-01,567.21704
19,38,2016-03-01,405.16632
19,39,2016-04-01,633.53119
20,0,2013-01-01,0.0
20,1,2013-02-01,0.0
20,2,2013-03-01,0.0
20,3,2013-04-01,0.0
20,4,2013-05-01,0.0
20,5,2013-06-01,0.0
20,6,2013-07-01,0.0
20,7,2013-08-01,0.0
20,8,2013-09-01,0.0
20,9,2013-10-01,0.0
20,10,2013-11-01,0.0
20,11,2013-12-01,0.0
20,12,2014-01-01,0.0
20,13,2014-02-01,0.0
20,14,2014-03-01,0.0
20,15,2014-04-01,0.0
20,16,2014-05-01,0.0
20,17,2014-06-01,0.0
20,18,2014-07-01,0.0
20,19,2014-08-01,0.0
20,20,2014-09-01,0.0
20,21,2014-10-01,2666.0
20,22,2014-11-01,0.0
20,23,2014-12-01,0.0
20,24,2015-01-01,0.0
20,25,2015-02-01,0.0
20,26,2015-03-01,0.0
20,27,2015-04-01,0.0
20,28,2015-05-01,0.0
20,29,2015-06-01,0.0
20,30,2015-07-01,0.0
20,31,2015-08-01,0.0
20,32,2015-09-01,0.0
20,33,2015-10-01,2172.0
20,34,2015-11-01,157.50406
20,35,2015-12-01,558.7157
20,36,2016-01-01,201.91901
20,37,2016-02-01,196.80972
20,38,2016-03-01,166.12599
20,39,2016-04-01,93.45599
21,0,2013-01-01,1489.0
21,1,2013-02-01,1823.0
21,2,2013-03-01,2196.0
21,3,2013-04-01,1845.0
21,4,2013-05-01,1625.0
21,5,2013-06-01,1705.0
21,6,2013-07-01,1708.0
21,7,2013-08-01,1919.0
21,8,2013-09-01,2101.0
21,9,2013-10-01,1797.0
21,10,2013-11-01,1964.0
21,11,2013-12-01,3294.0
21,12,2014-01-01,1739.0
21,13,2014-02-01,1723.0
21,14,2014-03-01,1927.0
21,15,2014-04-01,1892.0
21,16,2014-05-01,1765.0
21,17,2014-06-01,1736.0
21,18,2014-07-01,1419.0
21,19,2014-08-01,1651.0
21,20,2014-09-01,1625.0
21,21,2014-10-01,1896.0
21,22,2014-11-01,1950.0
21,23,2014-12-01,3629.0
21,24,2015-01-01,1797.0
21,25,2015-02-01,1704.0
21,26,2015-03-01,1661.0
21,27,2015-04-01,1747.0
21,28,2015-05-01,1545.0
21,29,2015-06-01,1593.0
21,30,2015-07-01,1625.0
21,31,2015-08-01,1547.0
21,32,2015-09-01,1727.0
21,33,2015-10-01,1746.0
21,34,2015-11-01,1638.30676
21,35,2015-12-01,1949.22327
21,36,2016-01-01,939.79388
21,37,2016-02-01,680.08722
21,38,2016-03-01,529.62732
21,39,2016-04-01,701.29028
22,0,2013-01-01,1839.0
22,1,2013-02-01,2263.0
22,2,2013-03-01,2325.0
22,3,2013-04-01,2151.0
22,4,2013-05-01,1511.0
22,5,2013-06-01,1773.0
22,6,2013-07-01,1652.0
22,7,2013-08-01,1744.0
22,8,2013-09-01,1876.0
22,9,2013-10-01,1817.0
22,10,2013-11-01,1808.0
22,11,2013-12-01,2287.0
22,12,2014-01-01,1370.0
22,13,2014-02-01,1750.0
22,14,2014-03-01,1672.0
22,15,2014-04-01,1539.0
22,16,2014-05-01,1281.0
22,17,2014-06-01,1163.0
22,18,2014-07-01,1054.0
22,19,2014-08-01,1168.0
22,20,2014-09-01,1500.0
22,21,2014-10-01,1417.0
22,22,2014-11-01,1547.0
22,23,2014-12-01,2197.0
22,24,2015-01-01,1160.0
22,25,2015-02-01,1221.0
22,26,2015-03-01,1390.0
22,27,2015-04-01,1368.0
22,28,2015-05-01,1108.0
22,29,2015-06-01,1036.0
22,30,2015-07-01,944.0
22,31,2015-08-01,987.0
22,32,2015-09-01,1250.0
22,33,2015-10-01,1236.0
22,34,2015-11-01,1271.52087
22,35,2015-12-01,1470.10669
22,36,2016-01-01,799.14832
22,37,2016-02-01,593.44238
22,38,2016-03-01,480.51053
22,39,2016-04-01,655.98364
23,0,2013-01-01,1932.0
23,1,2013-02-01,1904.0
23,2,2013-03-01,2031.0
23,3,2013-04-01,1686.0
23,4,2013-05-01,0.0
23,5,2013-06-01,0.0
23,6,2013-07-01,0.0
23,7,2013-08-01,0.0
23,8,2013-09-01,0.0
23,9,2013-10-01,0.0
23,10,2013-11-01,0.0
23,11,2013-12-01,0.0
23,12,2014-01-01,0.0
23,13,2014-02-01,0.0
23,14,2014-03-01,0.0
23,15,2014-04-01,0.0
23,16,2014-05-01,0.0
23,17,2014-06-01,0.0
23,18,2014-07-01,0.0
23,19,2014-08-01,0.0
23,20,2014-09-01,0.0
23,21,2014-10-01,0.0
23,22,2014-11-01,0.0
23,23,2014-12-01,0.0
23,24,2015-01-01,0.0
23,25,2015-02-01,0.0
23,26,2015-03-01,0.0
23,27,2015-04-01,0.0
23,28,2015-05-01,0.0
23,29,2015-06-01,0.0
23,30,2015-07-01,0.0
23,31,2015-08-01,0.0
23,32,2015-09-01,0.0
23,33,2015-10-01,0.0
23,34,2015-11-01,37.51511
23,35,2015-12-01,77.37242
23,36,2016-01-01,64.21292
23,37,2016-02-01,108.82458
23,38,2016-03-01,114.49606
23,39,2016-04-01,110.33486
24,0,2013-01-01,1742.0
24,1,2013-02-01,1738.0
24,2,2013-03-01,1928.0
24,3,2013-04-01,787.0
24,4,2013-05-01,1901.0
24,5,2013-06-01,2317.0
24,6,2013-07-01,2200.0
24,7,2013-08-01,2204.0
24,8,2013-09-01,2562.0
24,9,2013-10-01,2425.0
24,10,2013-11-01,2305.0
24,11,2013-12-01,3436.0
24,12,2014-01-01,2310.0
24,13,2014-02-01,2011.0
24,14,2014-03-01,1944.0
24,15,2014-04-01,1619.0
24,16,2014-05-01,1541.0
24,17,2014-06-01,1605.0
24,18,2014-07-01,1487.0
24,19,2014-08-01,1627.0
24,20,2014-09-01,1355.0
24,21,2014-10-01,1407.0
24,22,2014-11-01,1827.0
24,23,2014-12-01,2536.0
24,24,2015-01-01,1646.0
24,25,2015-02-01,1249.0
24,26,2015-03-01,1233.0
24,27,2015-04-01,1139.0
24,28,2015-05-01,1040.0
24,29,2015-06-01,878.0
24,30,2015-07-01,1010.0
24,31,2015-08-01,1151.0
24,32,2015-09-01,1413.0
24,33,2015-10-01,1207.0
24,34,2015-11-01,1226.00098
24,35,2015-12-01,1472.83337
24,36,2016-01-01,772.81635
24,37,2016-02-01,570.21924
24,38,2016-03-01,402.03134
24,39,2016-04-01,613.55444
25,0,2013-01-01,7692.0
25,1,2013-02-01,7337.0
25,2,2013-03-01,8490.0
25,3,2013-04-01,7343.0
25,4,2013-05-01,6389.0
25,5,2013-06-01,7060.0
25,6,2013-07-01,6353.0
25,7,2013-08-01,6773.0
25,8,2013-09-01,6825.0
25,9,2013-10-01,6580.0
25,10,2013-11-01,6900.0
25,11,2013-12-01,9867.0
25,12,2014-01-01,6418.0
25,13,2014-02-01,6268.0
25,14,2014-03-01,6151.0
25,15,2014-04-01,5454.0
25,16,2014-05-01,5032.0
25,17,2014-06-01,5427.0
25,18,2014-07-01,4915.0
25,19,2014-08-01,5434.0
25,20,2014-09-01,4449.0
25,21,2014-10-01,5320.0
25,22,2014-11-01,6198.0
25,23,2014-12-01,10200.0
25,24,2015-01-01,5869.0
25,25,2015-02-01,5381.0
25,26,2015-03-01,5544.0
25,27,2015-04-01,4809.0
25,28,2015-05-01,4583.0
25,29,2015-06-01,4458.0
25,30,2015-07-01,4233.0
25,31,2015-08-01,4231.0
25,32,2015-09-01,4639.0
25,33,2015-10-01,5263.0
25,34,2015-11-01,5063.60791
25,35,2015-12-01,6414.68652
25,36,2016-01-01,3564.34717
25,37,2016-02-01,2380.65967
25,38,2016-03-01,1882.42334
25,39,2016-04-01,1245.84937
26,0,2013-01-01,2319.0
26,1,2013-02-01,2516.0
26,2,2013-03-01,2797.0
26,3,2013-04-01,2320.0
26,4,2013-05-01,1951.0
26,5,2013-06-01,2253.0
26,6,2013-07-01,1958.0
26,7,2013-08-01,2223.0
26,8,2013-09-01,2286.0
26,9,2013-10-01,2074.0
26,10,2013-11-01,2043.0
26,11,2013-12-01,3072.0
26,12,2014-01-01,1796.0
26,13,2014-02-01,2067.0
26,14,2014-03-01,1858.0
26,15,2014-04-01,1406.0
26,16,2014-05-01,1560.0
26,17,2014-06-01,1459.0
26,18,2014-07-01,1354.0
26,19,2014-08-01,1420.0
26,20,2014-09-01,1470.0
26,21,2014-10-01,1708.0
26,22,2014-11-01,1671.0
26,23,2014-12-01,2707.0
26,24,2015-01-01,1615.0
26,25,2015-02-01,1317.0
26,26,2015-03-01,1390.0
26,27,2015-04-01,1289.0
26,28,2015-05-01,1210.0
26,29,2015-06-01,951.0
26,30,2015-07-01,985.0
26,31,2015-08-01,1114.0
26,32,2015-09-01,1212.0
26,33,2015-10-01,1283.0
26,34,2015-11-01,1237.80957
26,35,2015-12-01,1468.34509
26,36,2016-01-01,767.93317
26,37,2016-02-01,538.20898
26,38,2016-03-01,788.52533
26,39,2016-04-01,354.91211
27,0,2013-01-01,5306.0
27,1,2013-02-01,4370.0
27,2,2013-03-01,5006.0
27,3,2013-04-01,3763.0
27,4,2013-05-01,3380.0
27,5,2013-06-01,256.0
27,6,2013-07-01,3768.0
27,7,2013-08-01,4500.0
27,8,2013-09-01,4068.0
27,9,2013-10-01,3683.0
27,10,2013-11-01,4097.0
27,11,2013-12-01,6639.0
27,12,2014-01-01,4801.0
27,13,2014-02-01,3804.0
27,14,2014-03-01,3994.0
27,15,2014-04-01,3027.0
27,16,2014-05-01,3973.0
27,17,2014-06-01,3662.0
27,18,2014-07-01,3407.0
27,19,2014-08-01,4122.0
27,20,2014-09-01,3114.0
27,21,2014-10-01,3286.0
27,22,2014-11-01,3866.0
27,23,2014-12-01,6318.0
27,24,2015-01-01,4826.0
27,25,2015-02-01,3475.0
27,26,2015-03-01,3560.0
27,27,2015-04-01,2934.0
27,28,2015-05-01,3281.0
27,29,2015-06-01,3088.0
27,30,2015-07-01,2358.0
27,31,2015-08-01,0.0
27,32,2015-09-01,0.0
27,33,2015-10-01,0.0
27,34,2015-11-01,158.66077
27,35,2015-12-01,314.50351
27,36,2016-01-01,262.59213
27,37,2016-02-01,419.02615
27,38,2016-03-01,449.98682
27,39,2016-04-01,421.02701
28,0,2013-01-01,6460.0
28,1,2013-02-01,4950.0
28,2,2013-03-01,6019.0
28,3,2013-04-01,4580.0
28,4,2013-05-01,4865.0
28,5,2013-06-01,5955.0
28,6,2013-07-01,5895.0
28,7,2013-08-01,6500.0
28,8,2013-09-01,5337.0
28,9,2013-10-01,4596.0
28,10,2013-11-01,5219.0
28,11,2013-12-01,7091.0
28,12,2014-01-01,6134.0
28,13,2014-02-01,4897.0
28,14,2014-03-01,5082.0
28,15,2014-04-01,3958.0
28,16,2014-05-01,4319.0
28,17,2014-06-01,4914.0
28,18,2014-07-01,4071.0
28,19,2014-08-01,5049.0
28,20,2014-09-01,3612.0
28,21,2014-10-01,4097.0
28,22,2014-11-01,4628.0
28,23,2014-12-01,6142.0
28,24,2015-01-01,5923.0
28,25,2015-02-01,4102.0
28,26,2015-03-01,3997.0
28,27,2015-04-01,3139.0
28,28,2015-05-01,3380.0
28,29,2015-06-01,3544.0
28,30,2015-07-01,3312.0
28,31,2015-08-01,3442.0
28,32,2015-09-01,2495.0
28,33,2015-10-01,2750.0
28,34,2015-11-01,2405.59155
28,35,2015-12-01,2806.73242
28,36,2016-01-01,1369.23328
28,37,2016-02-01,957.46692
28,38,2016-03-01,661.7514
28,39,2016-04-01,814.92975
29,0,2013-01-01,2771.0
29,1,2013-02-01,2705.0
29,2,2013-03-01,2968.0
29,3,2013-04-01,2213.0
29,4,2013-05-01,2158.0
29,5,2013-06-01,2427.0
29,6,2013-07-01,1918.0
29,7,2013-08-01,1923.0
29,8,2013-09-01,2257.0
29,9,2013-10-01,1956.0
29,10,2013-11-01,2155.0
29,11,2013-12-01,2840.0
29,12,2014-01-01,1902.0
29,13,2014-02-01,1847.0
29,14,2014-03-01,1825.0
29,15,2014-04-01,1472.0
29,16,2014-05-01,1662.0
29,17,2014-06-01,1384.0
29,18,2014-07-01,1368.0
29,19,2014-08-01,1495.0
29,20,2014-09-01,1545.0
29,21,2014-10-01,1601.0
29,22,2014-11-01,1749.0
29,23,2014-12-01,2276.0
29,24,2015-01-01,1522.0
29,25,2015-02-01,1237.0
29,26,2015-03-01,1220.0
29,27,2015-04-01,1079.0
29,28,2015-05-01,863.0
29,29,2015-06-01,0.0
29,30,2015-07-01,0.0
29,31,2015-08-01,0.0
29,32,2015-09-01,0.0
29,33,2015-10-01,0.0
29,34,2015-11-01,118.76343
29,35,2015-12-01,250.83694
29,36,2016-01-01,201.60109
29,37,2016-02-01,318.95718
29,38,2016-03-01,342.13547
29,39,2016-04-01,316.35934
30,0,2013-01-01,2964.0
30,1,2013-02-01,2690.0
30,2,2013-03-01,2929.0
30,3,2013-04-01,2330.0
30,4,2013-05-01,2193.0
30,5,2013-06-01,2514.0
30,6,2013-07-01,2242.0
30,7,2013-08-01,2563.0
30,8,2013-09-01,2504.0
30,9,2013-10-01,2472.0
30,10,2013-11-01,2282.0
30,11,2013-12-01,3252.0
30,12,2014-01-01,2204.0
30,13,2014-02-01,2065.0
30,14,2014-03-01,2121.0
30,15,2014-04-01,1763.0
30,16,2014-05-01,1773.0
30,17,2014-06-01,1662.0
30,18,2014-07-01,1487.0
30,19,2014-08-01,1567.0
30,20,2014-09-01,1679.0
30,21,2014-10-01,1759.0
30,22,2014-11-01,1799.0
30,23,2014-12-01,2457.0
30,24,2015-01-01,1730.0
30,25,2015-02-01,746.0
30,26,2015-03-01,0.0
30,27,2015-04-01,0.0
30,28,2015-05-01,0.0
30,29,2015-06-01,0.0
30,30,2015-07-01,0.0
30,31,2015-08-01,0.0
30,32,2015-09-01,0.0
30,33,2015-10-01,0.0
30,34,2015-11-01,131.00554
30,35,2015-12-01,260.14462
30,36,2016-01-01,218.35922
30,37,2016-02-01,354.62723
30,38,2016-03-01,382.28519
30,39,2016-04-01,359.63577
31,0,2013-01-01,9357.0
31,1,2013-02-01,9867.0
31,2,2013-03-01,10508.0
31,3,2013-04-01,8605.0
31,4,2013-05-01,8166.0
31,5,2013-06-01,8377.0
31,6,2013-07-01,8163.0
31,7,2013-08-01,8474.0
31,8,2013-09-01,8130.0
31,9,2013-10-01,8275.0
31,10,2013-11-01,9042.0
31,11,2013-12-01,12942.0
31,12,2014-01-01,8684.0
31,13,2014-02-01,8322.0
31,14,2014-03-01,8038.0
31,15,2014-04-01,7464.0
31,16,2014-05-01,6664.0
31,17,2014-06-01,6677.0
31,18,2014-07-01,6321.0
31,19,2014-08-01,7204.0
31,20,2014-09-01,6627.0
31,21,2014-10-01,7048.0
31,22,2014-11-01,7921.0
31,23,2014-12-01,11884.0
31,24,2015-01-01,7525.0
31,25,2015-02-01,6850.0
31,26,2015-03-01,6813.0
31,27,2015-04-01,5890.0
31,28,2015-05-01,5293.0
31,29,2015-06-01,5507.0
31,30,2015-07-01,5392.0
31,31,2015-08-01,5124.0
31,32,2015-09-01,5217.0
31,33,2015-10-01,5343.0
31,34,2015-11-01,5221.46436
31,35,2015-12-01,6306.35693
31,36,2016-01-01,3603.06055
31,37,2016-02-01,2556.82593
31,38,2016-03-01,1850.37378
31,39,2016-04-01,1179.79016
32,0,2013-01-01,1239.0
32,1,2013-02-01,1494.0
32,2,2013-03-01,1819.0
32,3,2013-04-01,1364.0
32,4,2013-05-01,1175.0
32,5,2013-06-01,1329.0
32,6,2013-07-01,94.0
32,7,2013-08-01,0.0
32,8,2013-09-01,0.0
32,9,2013-10-01,0.0
32,10,2013-11-01,0.0
32,11,2013-12-01,0.0
32,12,2014-01-01,0.0
32,13,2014-02-01,0.0
32,14,2014-03-01,0.0
32,15,2014-04-01,0.0
32,16,2014-05-01,0.0
32,17,2014-06-01,0.0
32,18,2014-07-01,0.0
32,19,2014-08-01,0.0
32,20,2014-09-01,0.0
32,21,2014-10-01,0.0
32,22,2014-11-01,0.0
32,23,2014-12-01,0.0
32,24,2015-01-01,0.0
32,25,2015-02-01,0.0
32,26,2015-03-01,0.0
32,27,2015-04-01,0.0
32,28,2015-05-01,0.0
32,29,2015-06-01,0.0
32,30,2015-07-01,0.0
32,31,2015-08-01,0.0
32,32,2015-09-01,0.0
32,33,2015-10-01,0.0
32,34,2015-11-01,38.78934
32,35,2015-12-01,90.71131
32,36,2016-01-01,78.54829
32,37,2016-02-01,126.46925
32,38,2016-03-01,133.35493
32,39,2016-04-01,127.22744
33,0,2013-01-01,0.0
33,1,2013-02-01,0.0
33,2,2013-03-01,0.0
33,3,2013-04-01,0.0
33,4,2013-05-01,0.0
33,5,2013-06-01,0.0
33,6,2013-07-01,0.0
33,7,2013-08-01,0.0
33,8,2013-09-01,0.0
33,9,2013-10-01,0.0
33,10,2013-11-01,0.0
33,11,2013-12-01,0.0
33,12,2014-01-01,0.0
33,13,2014-02-01,0.0
33,14,2014-03-01,0.0
33,15,2014-04-01,0.0
33,16,2014-05-01,0.0
33,17,2014-06-01,0.0
33,18,2014-07-01,0.0
33,19,2014-08-01,125.0
33,20,2014-09-01,572.0
33,21,2014-10-01,577.0
33,22,2014-11-01,777.0
33,23,2014-12-01,994.0
33,24,2015-01-01,959.0
33,25,2015-02-01,766.0
33,26,2015-03-01,483.0
33,27,2015-04-01,0.0
33,28,2015-05-01,0.0
33,29,2015-06-01,0.0
33,30,2015-07-01,0.0
33,31,2015-08-01,0.0
33,32,2015-09-01,0.0
33,33,2015-10-01,0.0
33,34,2015-11-01,44.04985
33,35,2015-12-01,110.95784
33,36,2016-01-01,54.92955
33,37,2016-02-01,95.56293
33,38,2016-03-01,49.39669
33,39,2016-04-01,90.61027
34,0,2013-01-01,0.0
34,1,2013-02-01,0.0
34,2,2013-03-01,0.0
34,3,2013-04-01,0.0
34,4,2013-05-01,0.0
34,5,2013-06-01,0.0
34,6,2013-07-01,0.0
34,7,2013-08-01,0.0
34,8,2013-09-01,0.0
34,9,2013-10-01,0.0
34,10,2013-11-01,0.0
34,11,2013-12-01,0.0
34,12,2014-01-01,0.0
34,13,2014-02-01,0.0
34,14,2014-03-01,0.0
34,15,2014-04-01,0.0
34,16,2014-05-01,0.0
34,17,2014-06-01,0.0
34,18,2014-07-01,2.0
34,19,2014-08-01,368.0
34,20,2014-09-01,400.0
34,21,2014-10-01,317.0
34,22,2014-11-01,431.0
34,23,2014-12-01,638.0
34,24,2015-01-01,473.0
34,25,2015-02-01,388.0
34,26,2015-03-01,430.0
34,27,2015-04-01,370.0
34,28,2015-05-01,394.0
34,29,2015-06-01,386.0
34,30,2015-07-01,432.0
34,31,2015-08-01,474.0
34,32,2015-09-01,418.0
34,33,2015-10-01,382.0
34,34,2015-11-01,473.06656
34,35,2015-12-01,582.39032
34,36,2016-01-01,315.59109
34,37,2016-02-01,200.4185
34,38,2016-03-01,348.25842
34,39,2016-04-01,156.33536
35,0,2013-01-01,2115.0
35,1,2013-02-01,2181.0
35,2,2013-03-01,2518.0
35,3,2013-04-01,1795.0
35,4,2013-05-01,1839.0
35,5,2013-06-01,1970.0
35,6,2013-07-01,1862.0
35,7,2013-08-01,2258.0
35,8,2013-09-01,2079.0
35,9,2013-10-01,1860.0
35,10,2013-11-01,2176.0
35,11,2013-12-01,3339.0
35,12,2014-01-01,1869.0
35,13,2014-02-01,1940.0
35,14,2014-03-01,2215.0
35,15,2014-04-01,1610.0
35,16,2014-05-01,1787.0
35,17,2014-06-01,1846.0
35,18,2014-07-01,1695.0
35,19,2014-08-01,1867.0
35,20,2014-09-01,1707.0
35,21,2014-10-01,1669.0
35,22,2014-11-01,2030.0
35,23,2014-12-01,3105.0
35,24,2015-01-01,1860.0
35,25,2015-02-01,1490.0
35,26,2015-03-01,1561.0
35,27,2015-04-01,1346.0
35,28,2015-05-01,1322.0
35,29,2015-06-01,1165.0
35,30,2015-07-01,1235.0
35,31,2015-08-01,1580.0
35,32,2015-09-01,1483.0
35,33,2015-10-01,1362.0
35,34,2015-11-01,1359.5105
35,35,2015-12-01,1621.54541
35,36,2016-01-01,821.54028
35,37,2016-02-01,580.83911
35,38,2016-03-01,396.73642
35,39,2016-04-01,761.92773
36,0,2013-01-01,0.0
36,1,2013-02-01,0.0
36,2,2013-03-01,0.0
36,3,2013-04-01,0.0
36,4,2013-05-01,0.0
36,5,2013-06-01,0.0
36,6,2013-07-01,0.0
36,7,2013-08-01,0.0
36,8,2013-09-01,0.0
36,9,2013-10-01,0.0
36,10,2013-11-01,0.0
36,11,2013-12-01,0.0
36,12,2014-01-01,0.0
36,13,2014-02-01,0.0
36,14,2014-03-01,0.0
36,15,2014-04-01,0.0
36,16,2014-05-01,0.0
36,17,2014-06-01,0.0
36,18,2014-07-01,0.0
36,19,2014-08-01,0.0
36,20,2014-09-01,0.0
36,21,2014-10-01,0.0
36,22,2014-11-01,0.0
36,23,2014-12-01,0.0
36,24,2015-01-01,0.0
36,25,2015-02-01,0.0
36,26,2015-03-01,0.0
36,27,2015-04-01,0.0
36,28,2015-05-01,0.0
36,29,2015-06-01,0.0
36,30,2015-07-01,0.0
36,31,2015-08-01,0.0
36,32,2015-09-01,0.0
36,33,2015-10-01,330.0
36,34,2015-11-01,359.80219
36,35,2015-12-01,412.80032
36,36,2016-01-01,235.73126
36,37,2016-02-01,367.19037
36,38,2016-03-01,164.66397
36,39,2016-04-01,328.0788
37,0,2013-01-01,2388.0
37,1,2013-02-01,2189.0
37,2,2013-03-01,2551.0
37,3,2013-04-01,1943.0
37,4,2013-05-01,2000.0
37,5,2013-06-01,1633.0
37,6,2013-07-01,1258.0
37,7,2013-08-01,1356.0
37,8,2013-09-01,1377.0
37,9,2013-10-01,1060.0
37,10,2013-11-01,1183.0
37,11,2013-12-01,1575.0
37,12,2014-01-01,1059.0
37,13,2014-02-01,1036.0
37,14,2014-03-01,1110.0
37,15,2014-04-01,829.0
37,16,2014-05-01,949.0
37,17,2014-06-01,997.0
37,18,2014-07-01,910.0
37,19,2014-08-01,1145.0
37,20,2014-09-01,1046.0
37,21,2014-10-01,998.0
37,22,2014-11-01,1247.0
37,23,2014-12-01,1760.0
37,24,2015-01-01,1077.0
37,25,2015-02-01,926.0
37,26,2015-03-01,929.0
37,27,2015-04-01,858.0
37,28,2015-05-01,822.0
37,29,2015-06-01,804.0
37,30,2015-07-01,1014.0
37,31,2015-08-01,1150.0
37,32,2015-09-01,937.0
37,33,2015-10-01,758.0
37,34,2015-11-01,851.25592
37,35,2015-12-01,1033.5675
37,36,2016-01-01,531.18768
37,37,2016-02-01,325.40796
37,38,2016-03-01,748.5979
37,39,2016-04-01,256.40244
38,0,2013-01-01,1705.0
38,1,2013-02-01,1635.0
38,2,2013-03-01,1913.0
38,3,2013-04-01,1372.0
38,4,2013-05-01,1302.0
38,5,2013-06-01,1469.0
38,6,2013-07-01,1378.0
38,7,2013-08-01,1809.0
38,8,2013-09-01,1417.0
38,9,2013-10-01,1355.0
38,10,2013-11-01,1552.0
38,11,2013-12-01,2573.0
38,12,2014-01-01,1332.0
38,13,2014-02-01,1507.0
38,14,2014-03-01,1448.0
38,15,2014-04-01,1282.0
38,16,2014-05-01,1541.0
38,17,2014-06-01,1343.0
38,18,2014-07-01,1621.0
38,19,2014-08-01,1569.0
38,20,2014-09-01,1373.0
38,21,2014-10-01,1252.0
38,22,2014-11-01,1493.0
38,23,2014-12-01,2511.0
38,24,2015-01-01,1410.0
38,25,2015-02-01,1372.0
38,26,2015-03-01,1466.0
38,27,2015-04-01,1064.0
38,28,2015-05-01,1164.0
38,29,2015-06-01,1140.0
38,30,2015-07-01,1348.0
38,31,2015-08-01,1624.0
38,32,2015-09-01,1273.0
38,33,2015-10-01,1049.0
38,34,2015-11-01,1116.21887
38,35,2015-12-01,1415.98401
38,36,2016-01-01,721.5495
38,37,2016-02-01,516.45465
38,38,2016-03-01,358.45383
38,39,2016-04-01,673.86304
39,0,2013-01-01,0.0
39,1,2013-02-01,0.0
39,2,2013-03-01,0.0
39,3,2013-04-01,0.0
39,4,2013-05-01,0.0
39,5,2013-06-01,0.0
39,6,2013-07-01,0.0
39,7,2013-08-01,0.0
39,8,2013-09-01,0.0
39,9,2013-10-01,0.0
39,10,2013-11-01,0.0
39,11,2013-12-01,0.0
39,12,2014-01-01,0.0
39,13,2014-02-01,0.0
39,14,2014-03-01,785.0
39,15,2014-04-01,608.0
39,16,2014-05-01,767.0
39,17,2014-06-01,668.0
39,18,2014-07-01,639.0
39,19,2014-08-01,728.0
39,20,2014-09-01,633.0
39,21,2014-10-01,585.0
39,22,2014-11-01,840.0
39,23,2014-12-01,1271.0
39,24,2015-01-01,808.0
39,25,2015-02-01,691.0
39,26,2015-03-01,799.0
39,27,2015-04-01,622.0
39,28,2015-05-01,706.0
39,29,2015-06-01,593.0
39,30,2015-07-01,598.0
39,31,2015-08-01,813.0
39,32,2015-09-01,790.0
39,33,2015-10-01,836.0
39,34,2015-11-01,862.27063
39,35,2015-12-01,1010.61096
39,36,2016-01-01,528.6452
39,37,2016-02-01,377.72174
39,38,2016-03-01,267.77332
39,39,2016-04-01,494.00693
40,0,2013-01-01,0.0
40,1,2013-02-01,0.0
40,2,2013-03-01,0.0
40,3,2013-04-01,0.0
40,4,2013-05-01,0.0
40,5,2013-06-01,0.0
40,6,2013-07-01,0.0
40,7,2013-08-01,0.0
40,8,2013-09-01,0.0
40,9,2013-10-01,0.0
40,10,2013-11-01,0.0
40,11,2013-12-01,0.0
40,12,2014-01-01,0.0
40,13,2014-02-01,0.0
40,14,2014-03-01,451.0
40,15,2014-04-01,299.0
40,16,2014-05-01,291.0
40,17,2014-06-01,304.0
40,18,2014-07-01,330.0
40,19,2014-08-01,325.0
40,20,2014-09-01,345.0
40,21,2014-10-01,400.0
40,22,2014-11-01,451.0
40,23,2014-12-01,874.0
40,24,2015-01-01,421.0
40,25,2015-02-01,0.0
40,26,2015-03-01,0.0
40,27,2015-04-01,0.0
40,28,2015-05-01,0.0
40,29,2015-06-01,0.0
40,30,2015-07-01,0.0
40,31,2015-08-01,0.0
40,32,2015-09-01,0.0
40,33,2015-10-01,0.0
40,34,2015-11-01,26.88933
40,35,2015-12-01,76.71149
40,36,2016-01-01,40.86459
40,37,2016-02-01,29.10568
40,38,2016-03-01,67.86897
40,39,2016-04-01,29.21372
41,0,2013-01-01,1998.0
41,1,2013-02-01,1848.0
41,2,2013-03-01,1794.0
41,3,2013-04-01,1388.0
41,4,2013-05-01,1467.0
41,5,2013-06-01,1942.0
41,6,2013-07-01,1806.0
41,7,2013-08-01,1969.0
41,8,2013-09-01,1832.0
41,9,2013-10-01,1822.0
41,10,2013-11-01,1989.0
41,11,2013-12-01,2897.0
41,12,2014-01-01,1936.0
41,13,2014-02-01,1528.0
41,14,2014-03-01,1543.0
41,15,2014-04-01,1176.0
41,16,2014-05-01,1234.0
41,17,2014-06-01,1121.0
41,18,2014-07-01,1125.0
41,19,2014-08-01,1111.0
41,20,2014-09-01,952.0
41,21,2014-10-01,868.0
41,22,2014-11-01,1182.0
41,23,2014-12-01,1577.0
41,24,2015-01-01,1309.0
41,25,2015-02-01,925.0
41,26,2015-03-01,848.0
41,27,2015-04-01,634.0
41,28,2015-05-01,868.0
41,29,2015-06-01,667.0
41,30,2015-07-01,734.0
41,31,2015-08-01,886.0
41,32,2015-09-01,661.0
41,33,2015-10-01,739.0
41,34,2015-11-01,805.44592
41,35,2015-12-01,952.90778
41,36,2016-01-01,504.23758
41,37,2016-02-01,300.76019
41,38,2016-03-01,691.27496
41,39,2016-04-01,238.2753
42,0,2013-01-01,3871.0
42,1,2013-02-01,3684.0
42,2,2013-03-01,4317.0
42,3,2013-04-01,3735.0
42,4,2013-05-01,3418.0
42,5,2013-06-01,3521.0
42,6,2013-07-01,3410.0
42,7,2013-08-01,3512.0
42,8,2013-09-01,3611.0
42,9,2013-10-01,3490.0
42,10,2013-11-01,3641.0
42,11,2013-12-01,5848.0
42,12,2014-01-01,3605.0
42,13,2014-02-01,3253.0
42,14,2014-03-01,3460.0
42,15,2014-04-01,3299.0
42,16,2014-05-01,3193.0
42,17,2014-06-01,3198.0
42,18,2014-07-01,3232.0
42,19,2014-08-01,3279.0
42,20,2014-09-01,2960.0
42,21,2014-10-01,3205.0
42,22,2014-11-01,3636.0
42,23,2014-12-01,6007.0
42,24,2015-01-01,3616.0
42,25,2015-02-01,3568.0
42,26,2015-03-01,3742.0
42,27,2015-04-01,3428.0
42,28,2015-05-01,3095.0
42,29,2015-06-01,3124.0
42,30,2015-07-01,3127.0
42,31,2015-08-01,3362.0
42,32,2015-09-01,3445.0
42,33,2015-10-01,3558.0
42,34,2015-11-01,3394.32153
42,35,2015-12-01,4134.22803
42,36,2016-01-01,2151.73267
42,37,2016-02-01,1482.04468
42,38,2016-03-01,1176.07153
42,39,2016-04-01,760.5116
43,0,2013-01-01,1689.0
43,1,2013-02-01,1909.0
43,2,2013-03-01,2184.0
43,3,2013-04-01,1809.0
43,4,2013-05-01,1559.0
43,5,2013-06-01,1748.0
43,6,2013-07-01,1514.0
43,7,2013-08-01,1609.0
43,8,2013-09-01,2001.0
43,9,2013-10-01,1849.0
43,10,2013-11-01,1945.0
43,11,2013-12-01,3132.0
43,12,2014-01-01,1550.0
43,13,2014-02-01,1832.0
43,14,2014-03-01,1793.0
43,15,2014-04-01,1505.0
43,16,2014-05-01,1484.0
43,17,2014-06-01,1526.0
43,18,2014-07-01,1219.0
43,19,2014-08-01,1372.0
43,20,2014-09-01,1539.0
43,21,2014-10-01,1629.0
43,22,2014-11-01,1938.0
43,23,2014-12-01,2845.0
43,24,2015-01-01,1269.0
43,25,2015-02-01,0.0
43,26,2015-03-01,0.0
43,27,2015-04-01,0.0
43,28,2015-05-01,0.0
43,29,2015-06-01,0.0
43,30,2015-07-01,0.0
43,31,2015-08-01,0.0
43,32,2015-09-01,0.0
43,33,2015-10-01,0.0
43,34,2015-11-01,106.80205
43,35,2015-12-01,402.80576
43,36,2016-01-01,148.49295
43,37,2016-02-01,369.81653
43,38,2016-03-01,111.81831
43,39,2016-04-01,360.16046
44,0,2013-01-01,1697.0
44,1,2013-02-01,1826.0
44,2,2013-03-01,2051.0
44,3,2013-04-01,1608.0
44,4,2013-05-01,1342.0
44,5,2013-06-01,1552.0
44,6,2013-07-01,1426.0
44,7,2013-08-01,1569.0
44,8,2013-09-01,1712.0
44,9,2013-10-01,1565.0
44,10,2013-11-01,1645.0
44,11,2013-12-01,2116.0
44,12,2014-01-01,1485.0
44,13,2014-02-01,1532.0
44,14,2014-03-01,1696.0
44,15,2014-04-01,1305.0
44,16,2014-05-01,1082.0
44,17,2014-06-01,1134.0
44,18,2014-07-01,1044.0
44,19,2014-08-01,1031.0
44,20,2014-09-01,972.0
44,21,2014-10-01,1113.0
44,22,2014-11-01,1156.0
44,23,2014-12-01,1574.0
44,24,2015-01-01,933.0
44,25,2015-02-01,911.0
44,26,2015-03-01,907.0
44,27,2015-04-01,827.0
44,28,2015-05-01,788.0
44,29,2015-06-01,619.0
44,30,2015-07-01,678.0
44,31,2015-08-01,770.0
44,32,2015-09-01,759.0
44,33,2015-10-01,779.0
44,34,2015-11-01,802.32794
44,35,2015-12-01,938.74304
44,36,2016-01-01,474.65076
44,37,2016-02-01,768.06293
44,38,2016-03-01,331.1759
44,39,2016-04-01,679.64337
45,0,2013-01-01,1612.0
45,1,2013-02-01,1514.0
45,2,2013-03-01,1803.0
45,3,2013-04-01,1245.0
45,4,2013-05-01,1247.0
45,5,2013-06-01,1661.0
45,6,2013-07-01,1422.0
45,7,2013-08-01,1602.0
45,8,2013-09-01,1534.0
45,9,2013-10-01,1457.0
45,10,2013-11-01,1502.0
45,11,2013-12-01,1982.0
45,12,2014-01-01,1306.0
45,13,2014-02-01,1213.0
45,14,2014-03-01,1315.0
45,15,2014-04-01,937.0
45,16,2014-05-01,1098.0
45,17,2014-06-01,1251.0
45,18,2014-07-01,1162.0
45,19,2014-08-01,1196.0
45,20,2014-09-01,902.0
45,21,2014-10-01,855.0
45,22,2014-11-01,1146.0
45,23,2014-12-01,1487.0
45,24,2015-01-01,936.0
45,25,2015-02-01,792.0
45,26,2015-03-01,714.0
45,27,2015-04-01,717.0
45,28,2015-05-01,727.0
45,29,2015-06-01,623.0
45,30,2015-07-01,675.0
45,31,2015-08-01,710.0
45,32,2015-09-01,655.0
45,33,2015-10-01,686.0
45,34,2015-11-01,739.64612
45,35,2015-12-01,895.89508
45,36,2016-01-01,472.94653
45,37,2016-02-01,283.79733
45,38,2016-03-01,675.62878
45,39,2016-04-01,226.82538
46,0,2013-01-01,3254.0
46,1,2013-02-01,2576.0
46,2,2013-03-01,2915.0
46,3,2013-04-01,2124.0
46,4,2013-05-01,2247.0
46,5,2013-06-01,2529.0
46,6,2013-07-01,2699.0
46,7,2013-08-01,3022.0
46,8,2013-09-01,2453.0
46,9,2013-10-01,2358.0
46,10,2013-11-01,2647.0
46,11,2013-12-01,3717.0
46,12,2014-01-01,2647.0
46,13,2014-02-01,2280.0
46,14,2014-03-01,2283.0
46,15,2014-04-01,1750.0
46,16,2014-05-01,1845.0
46,17,2014-06-01,2178.0
46,18,2014-07-01,1791.0
46,19,2014-08-01,2296.0
46,20,2014-09-01,1657.0
46,21,2014-10-01,1742.0
46,22,2014-11-01,2018.0
46,23,2014-12-01,2969.0
46,24,2015-01-01,1969.0
46,25,2015-02-01,1550.0
46,26,2015-03-01,1513.0
46,27,2015-04-01,1232.0
46,28,2015-05-01,1335.0
46,29,2015-06-01,1447.0
46,30,2015-07-01,1608.0
46,31,2015-08-01,1561.0
46,32,2015-09-01,1242.0
46,33,2015-10-01,1258.0
46,34,2015-11-01,1213.92371
46,35,2015-12-01,1449.29858
46,36,2016-01-01,769.90509
46,37,2016-02-01,524.12885
46,38,2016-03-01,944.7608
46,39,2016-04-01,358.25729
47,0,2013-01-01,2093.0
47,1,2013-02-01,1812.0
47,2,2013-03-01,1939.0
47,3,2013-04-01,1522.0
47,4,2013-05-01,1604.0
47,5,2013-06-01,1529.0
47,6,2013-07-01,1246.0
47,7,2013-08-01,1514.0
47,8,2013-09-01,1558.0
47,9,2013-10-01,1428.0
47,10,2013-11-01,1839.0
47,11,2013-12-01,2716.0
47,12,2014-01-01,2047.0
47,13,2014-02-01,1894.0
47,14,2014-03-01,2070.0
47,15,2014-04-01,1510.0
47,16,2014-05-01,1817.0
47,17,2014-06-01,1536.0
47,18,2014-07-01,1704.0
47,19,2014-08-01,1908.0
47,20,2014-09-01,1751.0
47,21,2014-10-01,1819.0
47,22,2014-11-01,2217.0
47,23,2014-12-01,3186.0
47,24,2015-01-01,2206.0
47,25,2015-02-01,1938.0
47,26,2015-03-01,1956.0
47,27,2015-04-01,1561.0
47,28,2015-05-01,1658.0
47,29,2015-06-01,1550.0
47,30,2015-07-01,1616.0
47,31,2015-08-01,1874.0
47,32,2015-09-01,1730.0
47,33,2015-10-01,1608.0
47,34,2015-11-01,1641.75085
47,35,2015-12-01,2116.76978
47,36,2016-01-01,1059.61841
47,37,2016-02-01,794.45093
47,38,2016-03-01,583.68622
47,39,2016-04-01,416.10962
48,0,2013-01-01,0.0
48,1,2013-02-01,0.0
48,2,2013-03-01,0.0
48,3,2013-04-01,0.0
48,4,2013-05-01,0.0
48,5,2013-06-01,0.0
48,6,2013-07-01,0.0
48,7,2013-08-01,0.0
48,8,2013-09-01,0.0
48,9,2013-10-01,0.0
48,10,2013-11-01,0.0
48,11,2013-12-01,0.0
48,12,2014-01-01,0.0
48,13,2014-02-01,0.0
48,14,2014-03-01,0.0
48,15,2014-04-01,316.0
48,16,2014-05-01,1585.0
48,17,2014-06-01,1275.0
48,18,2014-07-01,1370.0
48,19,2014-08-01,1633.0
48,20,2014-09-01,1129.0
48,21,2014-10-01,1231.0
48,22,2014-11-01,1384.0
48,23,2014-12-01,2176.0
48,24,2015-01-01,1369.0
48,25,2015-02-01,1103.0
48,26,2015-03-01,1159.0
48,27,2015-04-01,969.0
48,28,2015-05-01,1020.0
48,29,2015-06-01,991.0
48,30,2015-07-01,1094.0
48,31,2015-08-01,1309.0
48,32,2015-09-01,1089.0
48,33,2015-10-01,1055.0
48,34,2015-11-01,1088.61694
48,35,2015-12-01,1365.80151
48,36,2016-01-01,659.58014
48,37,2016-02-01,511.59
48,38,2016-03-01,384.25476
48,39,2016-04-01,282.93109
49,0,2013-01-01,0.0
49,1,2013-02-01,0.0
49,2,2013-03-01,0.0
49,3,2013-04-01,0.0
49,4,2013-05-01,0.0
49,5,2013-06-01,0.0
49,6,2013-07-01,0.0
49,7,2013-08-01,0.0
49,8,2013-09-01,0.0
49,9,2013-10-01,0.0
49,10,2013-11-01,0.0
49,11,2013-12-01,197.0
49,12,2014-01-01,663.0
49,13,2014-02-01,674.0
49,14,2014-03-01,742.0
49,15,2014-04-01,579.0
49,16,2014-05-01,688.0
49,17,2014-06-01,732.0
49,18,2014-07-01,803.0
49,19,2014-08-01,828.0
49,20,2014-09-01,712.0
49,21,2014-10-01,613.0
49,22,2014-11-01,808.0
49,23,2014-12-01,1223.0
49,24,2015-01-01,1107.0
49,25,2015-02-01,738.0
49,26,2015-03-01,675.0
49,27,2015-04-01,526.0
49,28,2015-05-01,678.0
49,29,2015-06-01,771.0
49,30,2015-07-01,845.0
49,31,2015-08-01,956.0
49,32,2015-09-01,569.0
49,33,2015-10-01,648.0
49,34,2015-11-01,710.82965
49,35,2015-12-01,866.80432
49,36,2016-01-01,455.52121
49,37,2016-02-01,319.56512
49,38,2016-03-01,560.82373
49,39,2016-04-01,220.00607
50,0,2013-01-01,3346.0
50,1,2013-02-01,3017.0
50,2,2013-03-01,3401.0
50,3,2013-04-01,2693.0
50,4,2013-05-01,2794.0
50,5,2013-06-01,3320.0
50,6,2013-07-01,3028.0
50,7,2013-08-01,3500.0
50,8,2013-09-01,3132.0
50,9,2013-10-01,2990.0
50,10,2013-11-01,3165.0
50,11,2013-12-01,4358.0
50,12,2014-01-01,2895.0
50,13,2014-02-01,2804.0
50,14,2014-03-01,2769.0
50,15,2014-04-01,2027.0
50,16,2014-05-01,1830.0
50,17,2014-06-01,1673.0
50,18,2014-07-01,1549.0
50,19,2014-08-01,1569.0
50,20,2014-09-01,1267.0
50,21,2014-10-01,1244.0
50,22,2014-11-01,1304.0
50,23,2014-12-01,2071.0
50,24,2015-01-01,1384.0
50,25,2015-02-01,1033.0
50,26,2015-03-01,952.0
50,27,2015-04-01,790.0
50,28,2015-05-01,988.0
50,29,2015-06-01,883.0
50,30,2015-07-01,1096.0
50,31,2015-08-01,1061.0
50,32,2015-09-01,885.0
50,33,2015-10-01,928.0
50,34,2015-11-01,945.37329
50,35,2015-12-01,1128.99036
50,36,2016-01-01,588.28381
50,37,2016-02-01,345.12183
50,38,2016-03-01,798.38824
50,39,2016-04-01,268.85968
51,0,2013-01-01,2562.0
51,1,2013-02-01,2158.0
51,2,2013-03-01,2485.0
51,3,2013-04-01,1857.0
51,4,2013-05-01,2105.0
51,5,2013-06-01,2011.0
51,6,2013-07-01,2174.0
51,7,2013-08-01,2082.0
51,8,2013-09-01,1835.0
51,9,2013-10-01,1710.0
51,10,2013-11-01,1725.0
51,11,2013-12-01,2180.0
51,12,2014-01-01,1591.0
51,13,2014-02-01,1361.0
51,14,2014-03-01,1535.0
51,15,2014-04-01,1403.0
51,16,2014-05-01,1218.0
51,17,2014-06-01,1232.0
51,18,2014-07-01,1295.0
51,19,2014-08-01,1341.0
51,20,2014-09-01,1077.0
51,21,2014-10-01,1113.0
51,22,2014-11-01,1062.0
51,23,2014-12-01,1595.0
51,24,2015-01-01,976.0
51,25,2015-02-01,660.0
51,26,2015-03-01,545.0
51,27,2015-04-01,492.0
51,28,2015-05-01,758.0
51,29,2015-06-01,659.0
51,30,2015-07-01,748.0
51,31,2015-08-01,916.0
51,32,2015-09-01,597.0
51,33,2015-10-01,0.0
51,34,2015-11-01,131.66818
51,35,2015-12-01,511.93063
51,36,2016-01-01,162.78688
51,37,2016-02-01,460.23242
51,38,2016-03-01,132.08357
51,39,2016-04-01,452.36075
52,0,2013-01-01,1793.0
52,1,2013-02-01,1724.0
52,2,2013-03-01,1971.0
52,3,2013-04-01,1428.0
52,4,2013-05-01,1405.0
52,5,2013-06-01,1679.0
52,6,2013-07-01,1561.0
52,7,2013-08-01,1708.0
52,8,2013-09-01,1879.0
52,9,2013-10-01,1713.0
52,10,2013-11-01,1726.0
52,11,2013-12-01,2221.0
52,12,2014-01-01,1573.0
52,13,2014-02-01,1495.0
52,14,2014-03-01,1561.0
52,15,2014-04-01,1174.0
52,16,2014-05-01,1249.0
52,17,2014-06-01,1142.0
52,18,2014-07-01,1203.0
52,19,2014-08-01,1421.0
52,20,2014-09-01,1189.0
52,21,2014-10-01,1193.0
52,22,2014-11-01,1303.0
52,23,2014-12-01,2150.0
52,24,2015-01-01,1237.0
52,25,2015-02-01,1107.0
52,26,2015-03-01,1163.0
52,27,2015-04-01,991.0
52,28,2015-05-01,849.0
52,29,2015-06-01,820.0
52,30,2015-07-01,828.0
52,31,2015-08-01,932.0
52,32,2015-09-01,1057.0
52,33,2015-10-01,834.0
52,34,2015-11-01,874.68347
52,35,2015-12-01,1076.53674
52,36,2016-01-01,545.62677
52,37,2016-02-01,309.87952
52,38,2016-03-01,718.61523
52,39,2016-04-01,235.8649
53,0,2013-01-01,2039.0
53,1,2013-02-01,1880.0
53,2,2013-03-01,2270.0
53,3,2013-04-01,1499.0
53,4,2013-05-01,1632.0
53,5,2013-06-01,1986.0
53,6,2013-07-01,1874.0
53,7,2013-08-01,2207.0
53,8,2013-09-01,2064.0
53,9,2013-10-01,1913.0
53,10,2013-11-01,1915.0
53,11,2013-12-01,2756.0
53,12,2014-01-01,1995.0
53,13,2014-02-01,1739.0
53,14,2014-03-01,1904.0
53,15,2014-04-01,1448.0
53,16,2014-05-01,1605.0
53,17,2014-06-01,1737.0
53,18,2014-07-01,1708.0
53,19,2014-08-01,1725.0
53,20,2014-09-01,1576.0
53,21,2014-10-01,1547.0
53,22,2014-11-01,1640.0
53,23,2014-12-01,2324.0
53,24,2015-01-01,1644.0
53,25,2015-02-01,1277.0
53,26,2015-03-01,1330.0
53,27,2015-04-01,1084.0
53,28,2015-05-01,1084.0
53,29,2015-06-01,1047.0
53,30,2015-07-01,1187.0
53,31,2015-08-01,1261.0
53,32,2015-09-01,1173.0
53,33,2015-10-01,1008.0
53,34,2015-11-01,1052.86938
53,35,2015-12-01,1269.26172
53,36,2016-01-01,656.25952
53,37,2016-02-01,445.39322
53,38,2016-03-01,759.94891
53,39,2016-04-01,280.41266
54,0,2013-01-01,8426.0
54,1,2013-02-01,7132.0
54,2,2013-03-01,8263.0
54,3,2013-04-01,6223.0
54,4,2013-05-01,6155.0
54,5,2013-06-01,6858.0
54,6,2013-07-01,6280.0
54,7,2013-08-01,6853.0
54,8,2013-09-01,6179.0
54,9,2013-10-01,5526.0
54,10,2013-11-01,6440.0
54,11,2013-12-01,8383.0
54,12,2014-01-01,7190.0
54,13,2014-02-01,5419.0
54,14,2014-03-01,5869.0
54,15,2014-04-01,4623.0
54,16,2014-05-01,4990.0
54,17,2014-06-01,5414.0
54,18,2014-07-01,4655.0
54,19,2014-08-01,5445.0
54,20,2014-09-01,4197.0
54,21,2014-10-01,4175.0
54,22,2014-11-01,5145.0
54,23,2014-12-01,6478.0
54,24,2015-01-01,5480.0
54,25,2015-02-01,4144.0
54,26,2015-03-01,4488.0
54,27,2015-04-01,733.0
54,28,2015-05-01,0.0
54,29,2015-06-01,0.0
54,30,2015-07-01,0.0
54,31,2015-08-01,0.0
54,32,2015-09-01,0.0
54,33,2015-10-01,0.0
54,34,2015-11-01,163.68907
54,35,2015-12-01,645.3797
54,36,2016-01-01,605.14795
54,37,2016-02-01,664.25238
54,38,2016-03-01,165.99716
54,39,2016-04-01,663.45947
55,0,2013-01-01,0.0
55,1,2013-02-01,0.0
55,2,2013-03-01,0.0
55,3,2013-04-01,0.0
55,4,2013-05-01,825.0
55,5,2013-06-01,675.0
55,6,2013-07-01,754.0
55,7,2013-08-01,667.0
55,8,2013-09-01,740.0
55,9,2013-10-01,815.0
55,10,2013-11-01,968.0
55,11,2013-12-01,1129.0
55,12,2014-01-01,1011.0
55,13,2014-02-01,940.0
55,14,2014-03-01,959.0
55,15,2014-04-01,998.0
55,16,2014-05-01,1048.0
55,17,2014-06-01,1231.0
55,18,2014-07-01,1225.0
55,19,2014-08-01,1493.0
55,20,2014-09-01,1730.0
55,21,2014-10-01,1856.0
55,22,2014-11-01,2292.0
55,23,2014-12-01,2067.0
55,24,2015-01-01,2476.0
55,25,2015-02-01,1789.0
55,26,2015-03-01,1576.0
55,27,2015-04-01,1476.0
55,28,2015-05-01,1401.0
55,29,2015-06-01,1390.0
55,30,2015-07-01,1309.0
55,31,2015-08-01,1365.0
55,32,2015-09-01,1519.0
55,33,2015-10-01,1620.0
55,34,2015-11-01,1894.58215
55,35,2015-12-01,2323.10425
55,36,2016-01-01,1538.44507
55,37,2016-02-01,1290.16736
55,38,2016-03-01,1160.22388
55,39,2016-04-01,933.6134
56,0,2013-01-01,3212.0
56,1,2013-02-01,2616.0
56,2,2013-03-01,3063.0
56,3,2013-04-01,2151.0
56,4,2013-05-01,2107.0
56,5,2013-06-01,2856.0
56,6,2013-07-01,3125.0
56,7,2013-08-01,3165.0
56,8,2013-09-01,2580.0
56,9,2013-10-01,2253.0
56,10,2013-11-01,2700.0
56,11,2013-12-01,3395.0
56,12,2014-01-01,2805.0
56,13,2014-02-01,2236.0
56,14,2014-03-01,2113.0
56,15,2014-04-01,1556.0
56,16,2014-05-01,1901.0
56,17,2014-06-01,2434.0
56,18,2014-07-01,2229.0
56,19,2014-08-01,2853.0
56,20,2014-09-01,1731.0
56,21,2014-10-01,1795.0
56,22,2014-11-01,2280.0
56,23,2014-12-01,2660.0
56,24,2015-01-01,2274.0
56,25,2015-02-01,1651.0
56,26,2015-03-01,1377.0
56,27,2015-04-01,1137.0
56,28,2015-05-01,1240.0
56,29,2015-06-01,1476.0
56,30,2015-07-01,1437.0
56,31,2015-08-01,1512.0
56,32,2015-09-01,1155.0
56,33,2015-10-01,1194.0
56,34,2015-11-01,1177.03235
56,35,2015-12-01,1369.07605
56,36,2016-01-01,689.81219
56,37,2016-02-01,392.05347
56,38,2016-03-01,861.65234
56,39,2016-04-01,285.22852
57,0,2013-01-01,0.0
57,1,2013-02-01,0.0
57,2,2013-03-01,6254.0
57,3,2013-04-01,5295.0
57,4,2013-05-01,5026.0
57,5,2013-06-01,5421.0
57,6,2013-07-01,5412.0
57,7,2013-08-01,5189.0
57,8,2013-09-01,4818.0
57,9,2013-10-01,4848.0
57,10,2013-11-01,4533.0
57,11,2013-12-01,7788.0
57,12,2014-01-01,4482.0
57,13,2014-02-01,4672.0
57,14,2014-03-01,4532.0
57,15,2014-04-01,3986.0
57,16,2014-05-01,3660.0
57,17,2014-06-01,3589.0
57,18,2014-07-01,3580.0
57,19,2014-08-01,3599.0
57,20,2014-09-01,3399.0
57,21,2014-10-01,3569.0
57,22,2014-11-01,3295.0
57,23,2014-12-01,6031.0
57,24,2015-01-01,3857.0
57,25,2015-02-01,3384.0
57,26,2015-03-01,3079.0
57,27,2015-04-01,2732.0
57,28,2015-05-01,2291.0
57,29,2015-06-01,2362.0
57,30,2015-07-01,2278.0
57,31,2015-08-01,2690.0
57,32,2015-09-01,2199.0
57,33,2015-10-01,2225.0
57,34,2015-11-01,2135.69409
57,35,2015-12-01,2466.26465
57,36,2016-01-01,1257.42578
57,37,2016-02-01,917.99176
57,38,2016-03-01,641.43738
57,39,2016-04-01,981.29181
58,0,2013-01-01,0.0
58,1,2013-02-01,0.0
58,2,2013-03-01,3713.0
58,3,2013-04-01,2825.0
58,4,2013-05-01,2307.0
58,5,2013-06-01,2817.0
58,6,2013-07-01,2980.0
58,7,2013-08-01,2864.0
58,8,2013-09-01,2682.0
58,9,2013-10-01,2774.0
58,10,2013-11-01,2696.0
58,11,2013-12-01,5003.0
58,12,2014-01-01,2553.0
58,13,2014-02-01,2702.0
58,14,2014-03-01,2772.0
58,15,2014-04-01,2219.0
58,16,2014-05-01,1917.0
58,17,2014-06-01,2034.0
58,18,2014-07-01,2166.0
58,19,2014-08-01,2633.0
58,20,2014-09-01,2088.0
58,21,2014-10-01,1965.0
58,22,2014-11-01,2199.0
58,23,2014-12-01,4515.0
58,24,2015-01-01,2397.0
58,25,2015-02-01,2265.0
58,26,2015-03-01,2320.0
58,27,2015-04-01,1629.0
58,28,2015-05-01,1354.0
58,29,2015-06-01,1537.0
58,30,2015-07-01,1689.0
58,31,2015-08-01,1703.0
58,32,2015-09-01,1299.0
58,33,2015-10-01,1393.0
58,34,2015-11-01,1445.69678
58,35,2015-12-01,1752.34033
58,36,2016-01-01,876.95471
58,37,2016-02-01,633.73877
58,38,2016-03-01,443.75784
58,39,2016-04-01,732.28522
59,0,2013-01-01,2003.0
59,1,2013-02-01,1869.0
59,2,2013-03-01,1972.0
59,3,2013-04-01,1377.0
59,4,2013-05-01,1251.0
59,5,2013-06-01,1566.0
59,6,2013-07-01,1658.0
59,7,2013-08-01,1955.0
59,8,2013-09-01,1784.0
59,9,2013-10-01,1606.0
59,10,2013-11-01,1769.0
59,11,2013-12-01,2263.0
59,12,2014-01-01,1431.0
59,13,2014-02-01,1359.0
59,14,2014-03-01,1373.0
59,15,2014-04-01,1118.0
59,16,2014-05-01,1137.0
59,17,2014-06-01,1118.0
59,18,2014-07-01,1025.0
59,19,2014-08-01,1200.0
59,20,2014-09-01,1067.0
59,21,2014-10-01,1131.0
59,22,2014-11-01,1401.0
59,23,2014-12-01,1831.0
59,24,2015-01-01,1253.0
59,25,2015-02-01,1141.0
59,26,2015-03-01,1136.0
59,27,2015-04-01,917.0
59,28,2015-05-01,843.0
59,29,2015-06-01,898.0
59,30,2015-07-01,983.0
59,31,2015-08-01,1116.0
59,32,2015-09-01,914.0
59,33,2015-10-01,789.0
59,34,2015-11-01,846.3205
59,35,2015-12-01,1044.37622
59,36,2016-01-01,514.2063
59,37,2016-02-01,304.97702
59,38,2016-03-01,676.90784
59,39,2016-04-01,226.83142
